Name,Location,Industry
63 Moons Technologies,"Mumbai","Technology, Software, Financial technology"
Aban Offshore,"Chennai","Energy, Oil & gas offshore drilling & other services, Oil, petrochemical"
ABG Shipyard,"Ahmedabad","Industrials, Shipbuilding, Ship building"
ABP Group,"Kolkata","Consumer services, Broadcasting & entertainment, Media, news"
ACC,"Mumbai","Industrials, Cement, Cement"
ACG Group,"Mumbai","Industrials, Machinery: specialty, Pharmaceutical industry machinery & medicinal materials manufacturer"
Acko General Insurance,"Mumbai","Insurance, Full line insurance, Insurance"
Action Construction Equipment,"Faridabad","Industrials, Machinery: construction & handling, Bulldozers, cranes"
Action Group,"New Delhi","Conglomerate, —, Apparel, chemicals, retail, steel"
Adani Group,"Ahmedabad","Conglomerate, —, Conglomerate"
Adani Power,"Mumbai","Utilities, Alternative electricity, Thermal & solar power generation, part ofAdani Group"
Aditya Birla Fashion and Retail,"Mumbai","Retail, Apparel retailers, Clothing retailer"
Aditya Birla Group,"Mumbai","Conglomerate, —, Agribusiness, cement, chemicals"
Ador Group,"Mumbai","Conglomerate, —, Electronics, energy, chemicals"
Advanced Weapons and Equipment India,"Kanpur","Industrials, Defense, Weapons"
Afcons Infrastructure,"Mumbai","Industrials, Construction, Constructions"
Agriculture Insurance Company of India,"New Delhi","Insurance, Full line insurance, Insurance"
Air Costa,"Vijayawada","Consumer services, Airlines, Defunct 2017"
Air India,"New Delhi","Consumer services, Airlines, Airline, part ofTata Sons"
Air India Express,"Kochi","Consumer services, Airlines, Low-cost airline, part ofAir India"
Ajanta Group,"Ahmedabad","Conglomerate, —, Textile, transport, construction machinery"
Alkem Laboratories,"Mumbai","Health care, Pharmaceuticals, Pharma"
Allcargo Logistics,"Mumbai","Industrials, Industrial transportation, Logistics & transportation"
Amartex,"Gurugram","Basic materials, Textile products, Textiles"
Ambuja Cements,"Mumbai","Industrials, Cement, Cement"
Amrutanjan Healthcare,"Chennai","Health care, Ayurvedic producers, Alternative medicines"
Amul,"Anand","Consumer goods, Food products, Dairy"
Angel One,"Mumbai","Financials, Investment services, Stock broker"
Apollo Hospitals,"Chennai","Health care, Health care providers, Hospital chain"
Apollo Tyres,"Gurugram","Consumer goods, Tires, Tyres, parts"
Aptech,"Mumbai","Industrials, Business training & employment agencies, Training"
Archies,"New Delhi","Retail, Specialty retailers, Greeting cards"
Arise India,"Delhi","Consumer goods, Consumer electronics, Electrical goods, home appliances"
Armoured Vehicles Nigam,"Chennai","Industrials, Defense, Armoured military vehicles"
Artemis Hospital,"Gurugram","Health care, Health care providers, Hospitals"
Arvind,"Ahmedabad","Conglomerate, —, Clothing, engineering, real estate"
Ashok Leyland,"Chennai","Industrials, Commercial vehicles & parts, Bus, trucks, defense vehicles, joint venture ofHinduja Group&Nissan(Japan)"
Asia MotorWorks,"Mumbai","Industrials, Commercial vehicles & parts, Trucks"
Asian Paints,"Mumbai","Industrials, Paints and coatings, Paints"
Atul,"Ahmedabad","Chemicals, Chemicals: diversified, Integrated chemicals"
Atul Auto,"Rajkot","Consumer goods, Automobiles, Auto-rickshaws"
Avantha Group,"New Delhi","Conglomerate, —, Chemicals, I/T, BPO"
Axis Bank,"Ahmedabad","Financials, Banks"
Bajaj Auto,"Pune","Consumer goods, Automobiles, Motorcycles, part ofBajaj Group"
Bajaj Group,"Pune","Conglomerate, —, Motorcycles, financial services, electricals, sugar, iron & steel, insurance, consumer goods"
Balaji Telefilms,"Mumbai","Consumer services, Broadcasting & entertainment, Film production"
Balaji Wafers,"Mumbai","Consumer goods, Food products, Potato chips"
Ballarpur Industries,"Gurugram","Basic materials, Paper, Paper"
Bank of Baroda,"Vadodara","Financials, Banks, State-owned bank"
Bank of India,"Mumbai","Financials, Banks, Government-owned bank"
Bellatrix Aerospace,"Bengaluru","Industrials, Aerospace, space industry, Launch vehicles & satellites"
BEML,"Bengaluru","Industrials, Commercial vehicles & parts, Defense vehicles, heavy construction vehicles, rail vehicles"
BGR Energy Systems,"Chennai","Industrials, Engineering and contracting services"
Bharat Aluminium Company,"New Delhi","Basic materials, Aluminium, Aluminium, part ofVedanta Resources(UK)"
Bharat Biotech,"Hyderabad","Health care, Pharmaceuticals & biotechnology, Drug development & vaccines"
Bharat Dynamics Limited,"Hyderabad","Industrials, Aerospace & defense, State-owned missiles, defense"
Bharat Electronics,"Bengaluru","Industrials, Aerospace & defense, State-owned electronics, defense"
Bharat Forge,"Pune","Industrials, Industrial engineering, Engineering and machinery, part ofKalyani Group"
Bharat Heavy Electricals Limited,"New Delhi","Industrials, Electrical components, State electrical engineering"
Bharat Petroleum,"Mumbai","Energy, Oil refining & marketing, refineries, petrochemical"
Bharat Sanchar Nigam Limited,"New Delhi","Telecommunications, Telecommunications service providers, Fixed-line telecommunications"
BHAVINI,"Chennai","Utilities, Conventional electricity, State nuclear power generation"
Bharti Airtel,"New Delhi","Telecommunications, Telecommunications services, Mobile network"
Biocon,"Bengaluru","Health care, Pharmaceuticals & biotechnology, Pharmaceutical ingredients"
Blue Star,"Mumbai","Consumer goods, Consumer electronics, Home appliances"
BluSmart Mobility,"Gurugram","Consumer goods, Auto services, Taxi services, ride-sharing"
Bombay Dyeing,"Mumbai","Basic materials, Textile products, Textiles"
Bonn Group of Industries,"Ludhiana","Consumer goods, Food products, Baked goods"
Borosil,"Mumbai","Industrials, Glass, Glassware"
BPL Group,"Palakkad","Consumer goods, Consumer electronics, Consumer electronics, healthcare equipment"
BrahMos Aerospace,"New Delhi","Industrials, Aerospace & defense, State-owned missile systems, joint venture withTactical Missiles Corporation(Russia)"
Brigade Group,"Bengaluru","Real estate, Real estate holding & development, Real estate"
Britannia Industries,"Kolkata","Consumer goods, Food products, Food products"
Café Coffee Day,"Bengaluru","Consumer services, Restaurants & bars, Cafe chain"
Canara Bank,"Bengaluru","Financials, Banks, State-owned bank"
CaratLane,"Chennai","Retail, Specialty retailers, Luxury items retail, owned byTitan Company"
CEAT,"Mumbai","Consumer goods, Tires, Tyres"
Celkon,"Hyderabad","Consumer goods, Consumer electronics, Mobile handsets"
Central Bank of India,"Mumbai","Financials, Banks, Central bank"
Centum Electronics,"Bengaluru","Industrials, Electronic & electrical equipment, Electronics"
Century Plyboards,"Kolkata","Industrials, Building materials: other, Plywood"
CESC Limited,"Kolkata","Utilities, Conventional electricity, Thermal power generation"
CG Power and Industrial Solutions,"Mumbai","Industrials, Diversified industrials, Electrical engineering, power generation"
Chennai Petroleum Corporation,"Chennai","Energy, Oil refining & marketing, refineries, part ofIndian Oil Corporation"
Cipla,"Mumbai","Health care, Pharmaceuticals, Pharma"
City Union Bank,"Kumbakonam","Financials, Banks, Bank"
CMC,"New Delhi","Industrials, Business support services, Information technology consulting"
Coal India,"Kolkata","Energy, Coal, Coal mining"
Cochin Minerals and Rutile Limited,"Kochi","Chemicals, Specialty chemicals, Minerals"
Cochin Shipyard,"Kochi","Industrials, Shipbuilding, Ship building"
Computer Age Management Services,"Chennai","Financials, Investment services, Stock market, mutual funds"
Container Corporation of India,"New Delhi","Industrials, Railroads, Cargo rail transportation, part ofIndian Railways"
Coromandel International,"Hyderabad","Chemicals, Fertilizers, Fertilizers, pesticides"
Cosmic Circuits,"Bengaluru","Technology, Semiconductors, Acquired byCadence Design Systems(USA)"
Crossword Bookstores,"Mumbai","Retail, Specialty retailers, Bookstore"
CSB Bank,"Thrissur","Financials, Banks, Private bank"
Cyient,"Hyderabad","Technology, Software & IT services, Engineering outsourcing services, software management & technology consulting"
Dabur,"Ghaziabad","Health care, Ayurvedic producers, Alternative medicines"
Damodar Valley Corporation,"Kolkata","Utilities, Conventional electricity, Hydropower"
Deccan Charters,"Bengaluru","Consumer services, Airlines, Charter airline"
Dedicated Freight Corridor Corporation of India,"New Delhi","Industrials, Railroads, Freight transport, part ofMinistry of Railways (India)"
Dempo,"Panaji","Basic materials, General mining, Mining"
Dena Bank,"Mumbai","Financials, Banks, State bank"
Dish TV,"Noida","Consumer services, Broadcasting & entertainment, Satellite television"
Dixon Technologies,"Noida","Industrials, Electronic & electrical equipment, Electronics manufacturing services"
DLF,"New Delhi","Real estate, Real estate holding & development, Developer"
DMart,"Mumbai","Retail, Diversified retailers, Supermarkets"
Dr. Reddy's Laboratories,"Hyderabad","Health care, Pharmaceuticals, Pharma"
Dynamatic Technologies,"Bengaluru","Industrials, Industrial engineering, Aerospace, automotive, hydraulics, security"
EaseMyTrip,"New Delhi","Consumer services, Travel & tourism, Travel booking"
Edelweiss Group,"Mumbai","Financials, Financial services, Finance & investment"
Eicher Motors,"Gurugram","Industrials, Commercial vehicles & parts, Bus, trucks"
EID Parry,"Chennai","Consumer goods, Food products, Sugar, distillery"
Electronics Corporation of India Limited,"Hyderabad","Industrials, Electronic & electrical equipment, Nuclear electronics"
eLitmus,"Bengaluru","Industrials, Business training & employment agencies, Assessment exam"
Emami,"Kolkata","Conglomerate, —, Fast-moving consumer goods, healthcare, retail, cement, real estate"
Emcure Pharmaceuticals,"Pune","Health care, Pharmaceuticals, Pharma"
Engineers India,"New Delhi","Industrials, Engineering and contracting services, Engineering and consulting"
English Indian Clays,"New Delhi","Basic materials, General mining, Clay"
Escorts Kubota Limited,"Faridabad","Industrials, Industrial engineering, Heavy equipment, machines"
Essar Group,"Mumbai","Conglomerate, —, Steel, oil & gas, shipping, real estate"
Essel Group,"Mumbai","Conglomerate, —, Media, technology, basic materials"
Eureka Forbes,"Mumbai","Consumer goods, Consumer electronics, Home appliances"
Eveready Industries India,"Kolkata","Consumer goods, Durable household products, Batteries, flashlights, lamps"
Exide Industries,"Kolkata","Industrials, Electrical components, Batteries"
Exide Life Insurance,"Bengaluru","Financials, Life insurance, Life insurance, part ofExide Industries"
Federal Bank,"Kochi","Financials, Banks, Private bank"
Firstsource,"Mumbai","Industrials, Business support services, BPO"
Flipkart,"Bengaluru","Technology, Consumer digital services, E-commerce"
Forbes & Company Limited,"Mumbai","Conglomerate, —, Banking kiosk, ATM, robotics, industrial automation, logistics, part ofShapoorji Pallonji Group"
Force Motors,"Pune","Consumer goods, Automobiles, Automotive"
Fortis Healthcare,"Gurugram","Health care, Health care providers, Hospitals"
Future Group,"Mumbai","Retail, Diversified retailers, Defunct 2022, acquired byReliance Industries"
GAIL,"New Delhi","Utilities, Gas distribution, Natural gas"
Galaxy Surfactants,"Navi Mumbai","Chemicals, Specialty chemicals, Chemicals"
Garden Reach Shipbuilders & Engineers,"Kolkata","Industrials, Shipbuilding, Ship building"
Geojit Financial Services,"Kochi","Financials, Investment services, Investment advisory services"
Gini & Jony,"Mumbai","Consumer goods, Clothing & accessories, Children's clothes"
Glenmark Pharmaceuticals,"Mumbai","Health care, Pharmaceuticals, Pharma"
Gliders India,"Nagpur","Industrials, Defense, Military parachute manufacturer"
GMR Group,"New Delhi","Real estate, Real estate holding & development, Development projects"
Go First,"Mumbai","Consumer services, Airlines, Low-cost airline"
Goa Shipyard,"Goa","Industrials, Shipbuilding, Ship building"
Godrej Group,"Mumbai","Conglomerate, —, Aerospace, consumer goods, real estate"
Great Eastern Shipping,"Mumbai","Industrials, Marine transportation, Shipping"
Greaves Cotton,"Mumbai","Industrials, Industrial engineering, Engines, gensets, construction equipment, farm equipment & pumps"
Greenply,"Tinsukia","Industrials, Building materials: other, Plywood"
Gujarat Alkalies and Chemicals Limited,"Noida","Chemicals, Specialty chemicals, Produce chemicals"
Gujarat Mineral Development Corporation,"Ahmedabad","Basic materials, General mining, Mining, metals"
Gujarat State Fertilizers and Chemicals,"Vadodara","Chemicals, Fertilizers, Fertilizers"
Gujarat State Petroleum Corporation,"Ahmedabad","Energy, Oil refining & marketing, Petrochemicals refining"
GVK Industries,"Hyderabad","Conglomerate, —, Energy, transportation, hospitality"
Haldiram's,"Bikaner","Consumer goods, Food products, Sweets and snacks"
Haptik,"Mumbai","Technology, Software, AI Software, part of Jio Platforms"
Hatsun Agro Product,"Chennai","Consumer goods, Food products, Arun Icecreams, Arokya Milk, Hatsun Daily, Ibaco, Oyalo, Santosa"
Havells,"Noida","Industrials, Electrical components, Electrical equipment"
Hawkins Cookers,"Mumbai","Consumer goods, Durable household products, Cookware"
HCLTech,"Noida","Industrials, Business support services, Consulting"
HDFC Bank,"Mumbai","Financials, Banks, Bank"
HDIL,"Mumbai","Real estate, Real estate holding & development, Real estate development"
Hero Cycles,"Ludhiana","Consumer goods, Recreational products, Bicycles, part ofHero Motors"
Hero FinCorp,"New Delhi","Financials, Financial services, Financing, part ofHero MotoCorp"
Hero MotoCorp,"Gurugram","Consumer goods, Automobiles, Motorcycles, part ofHero Motors"
HFCL,"New Delhi","Telecommunications, Telecommunications equipment, Optical fiber, telecom equipment"
Himalaya Wellness Company,"Bengaluru","Health care, Ayurvedic producers, Alternative medicines"
Hindalco Industries,"Mumbai","Basic materials, Aluminium, Aluminium"
Hinduja Group,"Mumbai","Conglomerate, —, Automotive, financial services, energy, media, telecom, healthcare"
Hinduja Healthcare,"Mumbai","Health care, Health care providers, Hospitals, part ofHinduja Group"
Hindustan Aeronautics Limited,"Bengaluru","Industrials, Aerospace & defense, State-owned aircraft, defense"
Hindustan Construction Company,"Mumbai","Real estate, Real estate holding & development, Real estate development"
Hindustan Copper,"Kolkata","Basic materials, Copper, State-run mining"
Hindustan Motors,"Kolkata","Consumer goods, Automobiles, Automotive, part ofCK Birla Group"
Hindustan Petroleum,"Mumbai","Energy, Oil refining & marketing, refineries, part ofOil and Natural Gas Corporation"
Hindustan Shipyard,"Visakhapatnam","Industrials, Shipbuilding, Ship building"
Hindustan Times,"New Delhi","Consumer services, Publishing, Daily newspaper"
Hindustan Zinc,"Udaipur","Basic materials, Nonferrous metals, Zinc mining, part ofVedanta Resources(UK)"
HLL Lifecare,"Thiruvananthapuram","Health care, Pharmaceuticals, Medical equipment, State-owned condoms, contraceptives & surgical equipment manufacturing"
HMT Limited,"Bengaluru","Industrials, Diversified industrials, State-owned manufacturing"
Housing Development Finance Corporation,"Mumbai","Financials, Financial services, Housing finance"
iball,"Mumbai","Consumer goods, Consumer electronics, Computers, consumer items"
ICICI Bank,"Mumbai","Financials, Banks, International bank"
IDBI Bank,"Mumbai","Financials, Banks, State bank"
IDFC First Bank,"Mumbai","Financials, Banks, Part ofIDFC"
Indegene,"Bengaluru","Health care, Health care services, Pharmaceutical consultancy"
India Cements,"Tirunelveli","Industrials, Cement, Cement"
India Optel,"Dehradun","Industrials, Electronic & electrical equipment, Opto-electronics, defense products"
Indiabulls,"Gurugram","Financials, Financial services, Finance"
India Infoline,"Mumbai","Financials, Financial services, Financial services"
Indian Bank,"Chennai","Financials, Banks, State-owned financial services"
Indian Hotels Company Limited,"Mumbai","Consumer services, Hotels & motels, Hospitality group,Taj Hotels,Vivanta,Ginger Hotels, part ofTata Sons"
Indian Oil Corporation,"New Delhi","Energy, Oil refining & marketing, Petrochemicals refining"
Indian Overseas Bank,"Chennai","Financials, Banks, Public bank"
Indian Railway Finance Corporation,"New Delhi","Financials, Financial services, Railway finance, part ofIndian Railways"
Indian Railways,"New Delhi","Industrials, Railroads, State railway"
Indian Railway Stations Development Corporation,"New Delhi","Industrials, Railroads, Railway station redevelopment"
Indian Telephone Industries Limited,"Bengaluru","Telecommunications, Telecommunications equipment, State telecom equipment"
IndiGo,"Gurugram","Consumer services, Airlines, Low-cost airline"
IndusInd Bank,"Mumbai","Financials, Banks, Bank"
Infibeam,"Ahmedabad","Technology, Consumer digital services, E-commerce, fintech"
Infosys,"Bengaluru","Industrials, Business support services, Consulting"
Infrastructure Development Finance Company,"Chennai","Financials, Asset managers, Finance, advice"
Infrastructure Leasing & Financial Services,"Mumbai","Financials, Financial services, Infrastructure development"
InMobi,"Bengaluru","Technology, Consumer digital services, Online marketing"
Inox Air Products,"Mumbai","Basic materials, Specialty chemicals, Industrial gases manufacturer & trader"
Inox Wind,"Noida","Utilities, Alternative electricity, Wind power"
Integral Coach Factory,"Chennai","Industrials, Railroad equipment, Part ofIndian Railways"
Intelenet Global Services,"Mumbai","Industrials, Business support services, Consulting, BPO"
Intex Technologies,"New Delhi","Consumer goods, Consumer electronics, Consumer electronics, mobile handsets"
Ircon International,"New Delhi","Industrials, Construction, Railway constructions, part ofIndian Railways"
ITC Limited,"Kolkata","Conglomerate, —, Consumer goods, hotels, industrials"
Ittiam Systems,"Bengaluru","Technology, Software & IT services, Digital signal processing services"
Jabong.com,"Gurugram","Technology, Consumer digital services, E-commerce portal, defunct 2020"
Jain Irrigation Systems,"Jalgaon","Industrials, Agricultural & farm machinery, Irrigation equipment"
Jakson Group,"Noida","Industrials, Industrial engineering, Diesel generators, solar PV modules"
Jawa Motorcycles,"Mysuru","Consumer goods, Automobiles, Motorcycles, joint venture ofMahindra & Mahindra&Jawa Moto(Czechia)"
ISRO,"Bengaluru","Industrials, Aerospace, space industry, State-owned aerospace research, launch vehicles & satellites"
Jaypee Group,"Noida","Conglomerate, —, Engineering, real estate, cement"
Jet Airways,"Mumbai","Consumer services, Airlines, Revived in 2022"
Jio-bp,"Ahmedabad","Energy, Integrated oil & gas, Oil & gas exploration and production, joint venture ofReliance Industries&BP(UK)"
Jio,"Navi Mumbai","Telecommunications, Telecommunications services, Mobile network, part ofJio Platforms"
Jio Platforms,"Navi Mumbai","Conglomerate, —, Telecommunications, e-commerce, media, streaming, online services, virtual reality, part ofReliance Industries"
Jindal Stainless,"New Delhi","Basic materials, Iron & steel, Steel"
Jindal Steel and Power,"New Delhi","Basic materials, Iron & steel, Steel"
Jupiter Wagons,"Kolkata","Railways, Railroad equipment, Railways"
JSW Energy,"Mumbai","Utilities, Conventional electricity, Hydropower & thermal power, part ofJSW Group"
JSW Group,"Mumbai","Conglomerate, —, Automotive, steel, energy, infrastructure, cement, paint, financials"
JSW MG Motor India,"Gurugram","Consumer goods, Automobiles, Automotive, joint venture ofJSW Group&SAIC Motor(China)"
JSW Steel,"Mumbai","Basic materials, Iron & steel, Steel, part ofJSW Group"
Jubilant FoodWorks,"Noida","Consumer services, Restaurants & bars, Food services"
K Raheja Corp,"Mumbai","Real estate, Real estate holding & development, IT Parks, parent company ofRaheja Mindspace"
Kalyani Group,"Pune","Conglomerate, —, Engineering, steel, automotive, defense, energy, infrastructure"
Karbonn Mobiles,"New Delhi","Consumer goods, Consumer electronics, Mobile handsets"
Karnataka Bank,"Mangaluru","Financials, Banks, Bank"
Karur Vysya Bank,"Karur","Financials, Banks, Bank"
Kerala Automobiles Limited,"Thiruvananthapuram","Consumer goods, Automobiles, Auto-rickshaws"
Kerala Electrical and Allied Engineering Company,"Kochi","Industrials, Electrical components, Heavy electricals"
Khadim's,"Kolkata","Consumer goods, Footwear, Footwear"
Kingfisher,"Bengaluru","Consumer goods, Brewery, Alcoholic beverages, brewery, part ofUnited Breweries Group(Netherlands)"
Kirloskar Group,"Pune","Conglomerate, —, Industrials, construction, automotive"
Kokuyo Camlin,"Mumbai","Consumer goods, Nondurable household products, Pens, stationery"
Konkan Railway Corporation,"Navi Mumbai","Industrials, Railroads, Railway, part ofIndian Railways"
Kotak Mahindra Bank,"Mumbai","Financials, Banks, Bank"
KPIT Technologies,"Pune","Consumer goods, Automobiles & parts, Automotive engineering & technologies"
KSK Energy Ventures,"Hyderabad","Utilities, Conventional electricity, Thermal power generation"
Kudremukh Iron Ore Company,"Mangaluru","Basic materials, Iron & steel, Mining, iron"
Lakshmi Machine Works,"Coimbatore","Industrials, Diversified industrials, Machinery"
Lakshmi Vilas Bank,"Chennai","Financials, Banks, Bank"
Lanco Infratech,"New Delhi","Conglomerate, —, Power, real estate, distribution"
Larsen & Toubro,"Mumbai","Conglomerate, —, Industrials, ships, equipment, defense"
Lava International,"Noida","Consumer goods, Consumer electronics, Computers, mobile handsets"
Liberty Shoes,"Karnal","Consumer goods, Footwear, Footwear"
Life Insurance Corporation,"Mumbai","Financials, Life insurance, State-owned Insurance company"
Living Media,"New Delhi","Consumer services, Publishing, Publisher"
LYF,"Mumbai","Consumer goods, Consumer electronics, Computers, mobile handsets, part ofJio Platforms"
Mahanadi Coalfields,"Sambalpur","Energy, Coal, Coal mining"
Mahindra Aerospace,"Mumbai","Industrials, Aerospace, Light aircraft manufacturer"
Mahindra & Mahindra,"Mumbai","Consumer goods, Automobiles, Automotive"
Mahindra Group,"Mumbai","Conglomerate, —, Automotive, IT services, finance, hospitality, agribusiness, aerospace, defense, logistics, real estate"
MakeMyTrip,"Gurugram","Technology, Consumer digital services, Travel & tourism"
Mangalore Chemicals & Fertilizers,"Bengaluru","Chemicals, Fertilizers, Fertilizers"
Marico,"Mumbai","Consumer goods, Personal products, Health and beauty"
Maruti Suzuki,"New Delhi","Consumer goods, Automobiles, Automotive, part ofSuzuki(Japan)"
Mastek,"Mumbai","Industrials, Business support services, Consulting"
Max Group,"New Delhi","Conglomerate, —, Investment, financial services, healthcare"
Max Healthcare,"New Delhi","Health care, Health care providers, Part ofMax Group"
Max Life Insurance,"New Delhi","Financials, Life insurance, Part ofMax Group"
Max Ventures and Industries,"New Delhi","Real estate, Real estate holding & development, Part ofMax Group"
Mazagon Dock Shipbuilders,"Mumbai","Industrials, Shipbuilding, Ship building"
MECON,"Ranchi","Industrials, Business support services, Consulting"
Mercator,"Mumbai","Industrials, Marine transportation, Shipping"
Metro Brands,"Mumbai","Consumer goods, Footwear, Footwear"
Microland,"Bengaluru","Technology, Software, Software consulting"
Micromax Informatics,"Gurugram","Consumer goods, Consumer electronics, Consumer electronics, mobile handsets"
Milky Mist Dairy,"Erode","Consumer goods, Food products, Dairy"
Mindtree,"Bengaluru","Industrials, Business support services, Consulting, outsourcing"
Mishra Dhatu Nigam,"Hyderabad","Basic materials, Metal fabricating, Alloys"
Mistral Solutions,"Bengaluru","Industrials, Business support services, Consulting, product design"
MKU,"Kanpur","Industrials, Defense, Military equipment"
MMTC Ltd,"New Delhi","Financials, Investment services, Foreign exchange"
Modern Coach Factory, Raebareli,"Industrials, Railroad equipment, Part ofIndian Railways"
MOIL,"Nagpur","Basic materials, General mining, Mining"
Moser Baer,"New Delhi","Technology, Computer hardware, Defunct in 2018, acquired byVinpower, Inc.(USA)"
Mother Dairy,"Noida","Consumer goods, Food products, Dairy"
Mphasis,"Bengaluru","Industrials, Business support services, Consulting, outsourcing"
MRF,"Chennai","Consumer goods, Tires, Tyres"
MS Shoes,"Delhi","Consumer goods, Footwear, Footwear"
MSTC Limited,"Kolkata","Technology, Consumer digital services, Metal trading, e-commerce"
Mukand,"Mumbai","Basic materials, Iron & steel, Steel"
Munitions India,"Kanpur","Industrials, Defense, Munitions"
Murugappa Group,"Chennai","Conglomerate, —, Cycles, general insurance, fertilizers, abrasives, automotive chains, car door frames, steel tubes & gearboxes"
Muthoot Finance,"Kochi","Financials, Investment services, Financial advice, trading"
Myntra,"Bengaluru","Technology, Consumer digital services, E-commerce"
National Aluminium Company,"Bhubaneswar","Basic materials, Aluminium, Aluminium"
National Fertilizers,"Noida","Chemicals, Fertilizers, Fertilizers"
National Mineral Development Corporation,"Hyderabad","Basic materials, General mining, Mining"
National Payments Corporation of India,"Mumbai","Technology, Consumer digital services, Digital payment"
Nayara Energy,"Mumbai","Energy, Oil refining & marketing, Major stock owned byRosneft(Russia), 49.13%"
NBC Bearings,"Jaipur","Industrials, Electrical components, Bearings"
NBCC,"New Delhi","Real estate, Real estate holding & development, State-owned developer"
NDTV,"New Delhi","Consumer services, Broadcasting & entertainment, Television"
Network18 Group,"Noida","Consumer services, Broadcasting & entertainment, Mass media, part ofReliance Industries"
NHPC,"Faridabad","Utilities, Conventional electricity, Hydroelectric"
NIIT,"Gurugram","Industrials, Business support services, Consulting"
Nilkamal Plastics,"Mumbai","Chemicals, Specialty chemicals, Industrial and consumer plastics"
Nirma,"Ahmedabad","Chemicals, Specialty chemicals, Chemicals, cement, fast moving consumer goods"
NLC India Limited,"Neyveli","Utilities, Conventional electricity, Thermal power generation"
NTPC Limited,"New Delhi","Utilities, Conventional electricity, Thermal power generation"
Nuclear Power Corporation of India,"Mumbai","Utilities, Conventional electricity, State nuclear power generation"
Nykaa,"Mumbai","Technology, Consumer digital services, Online beauty products, e-commerce"
Oil and Natural Gas Corporation,"Dehradun","Energy, Integrated oil & gas, State oil & gas exploration and production"
Oil India,"Duliajan","Energy, Integrated oil & gas, Oil exploration and production"
Ola Electric,"Bengaluru","Consumer goods, Automobiles, Motorcycles, electric vehicles"
Omega Seiki Mobility,"New Delhi","Consumer goods, Automobiles, Automotive, electric vehicles"
One97 Communications,"Noida","Technology, Consumer digital services, Ecommerce and fintech"
Onida Electronics,"Mumbai","Consumer goods, Consumer electronics, Consumer electronics"
OnMobile,"Bengaluru","Telecommunications, Telecommunications services, Mobile operator"
Oracle Financial Services Software,"Mumbai","Technology, Software, Banking software"
Ordnance Factory Board,"Kolkata","Industrials, Defense, Defense systems, firearms. Defunct 2021.Dissolved factories assets transferred to 7PSUsin 2021.[7]"
Oswald Labs,"New Delhi","Technology, Software, Accessibility technology"
Paramount Airways,"Chennai","Consumer services, Airlines, Airline, defunct 2010"
Parle Agro,"Mumbai","Consumer goods, Food products, Drinks"
Parle Products,"Mumbai","Consumer goods, Food products, Food"
Patanjali Ayurved,"Haridwar","Conglomerate, —, Food, ayurvedic & herbal products, cosmetics, personal products"
Pawan Hans,"Noida","Consumer services, Airlines, Helicopter services"
Pentamedia Graphics,"Chennai[8]","Consumer services, Broadcasting & entertainment, Animation studio, digital services"
Persistent Systems,"Nagpur","Technology, Software, Software, consulting"
Petronet LNG,"New Delhi","Energy, Oil refining & marketing, Liquefied natural gas importer, joint ofOil and Natural Gas Corporation,GAIL,Indian Oil Corporation&Bharat Petroleum"
Pidilite Industries,"Mumbai","Chemicals, Specialty chemicals, Adhesives, chemicals"
Pine Labs,"Noida","Technology, Consumer digital services, Merchant payment"
Piramal Group,"Mumbai","Health care, Pharmaceuticals, Pharma"
Power Finance Corporation,"New Delhi","Financials, Financial services, State financing"
Power Grid Corporation of India,"Gurugram","Industrials, Industrial suppliers, State power transmission infrastructures"
PTC India,"New Delhi","Financials, Financial services, State power trading and financial solution"
Praj,"Pune","Chemicals, Specialty chemicals, Ethanol plant, sugar processing"
Punj Lloyd,"New Delhi","Industrials, Construction"
Punjab & Sind Bank,"New Delhi","Financials, Banks, Bank"
Punjab National Bank,"New Delhi","Financials, Banks, Bank"
Protean eGov Technologies,"Mumbai","Technology, Consumer digital services, Digital Public Infrastructure"
PVR INOX,"Gurugram","Consumer services, Broadcasting & entertainment, Movie theaters"
Raheja Developers,"New Delhi","Real estate, Real estate holding & development, Real estate"
Rail India Technical and Economic Service,"Gurugram","Industrials, Engineering and contracting services, Consulting, part ofIndian Railways"
Rajesh Exports,"Bengaluru","Basic materials, Gold mining, Gold mining, refining & jewellery retailer"
Raheja Mindspace,"Mumbai","Industrials, Business support services, Industrial parks"
Ramco Systems,"Chennai","Technology, Software, Software"
Ranbaxy Laboratories,"Gurugram","Health care, Pharmaceuticals, Pharma"
Rapido,"Bengaluru","Consumer goods, Auto services, Bike cabs"
Rashtriya Chemicals & Fertilizers,"Mumbai","Chemicals, Fertilizers, Fertilizers"
Rashtriya Ispat Nigam,"Visakhapatnam","Basic materials, Iron & steel, Steel"
Raymond Group,"Mumbai","Basic materials, Textile products, Textiles"
REC Limited,"New Delhi","Financials, Financial services, Electrical infrastructure financing"
Rediff.com,"Mumbai","Technology, Consumer digital services, Information, shopping portal"
Reliance Capital,"Mumbai","Financials, Asset managers, Part ofReliance Group"
Reliance Communications,"Mumbai","Telecommunications, Telecommunications service providers, Part ofReliance Group"
Reliance Digital,"Mumbai","Retail, Specialty retailers, Electronic items, part ofReliance Retail"
Reliance Entertainment,"Mumbai","Consumer services, Broadcasting & entertainment, Part ofReliance Group"
Reliance Group,"Mumbai","Conglomerate, —, Telecom, financials, industrials, consumer services"
Reliance Health,"Mumbai","Health care, Health care providers, Part ofReliance Group"
Reliance Industrial Infrastructure,"Mumbai","Industrials, Construction, Part ofReliance Industries"
Reliance Industries,"Mumbai","Conglomerate, —, Oil & gas, industrials, consumer services, telecommunications"
Reliance Infrastructure,"Mumbai","Industrials, Construction, Part ofReliance Group"
Reliance Life Insurance,"Mumbai","Financials, Life insurance, Part ofReliance Group"
Reliance MediaWorks,"Mumbai","Consumer services, Broadcasting & entertainment, Part ofReliance Group"
Reliance Naval and Engineering Limited,"Rajula","Industrials, Shipbuilding, Part ofReliance Group"
Reliance Power,"Navi Mumbai","Utilities, Conventional electricity, Thermal power generation, part ofReliance Group"
Reliance Retail,"Mumbai","Retail, Diversified retailers, Supermarkets, part ofReliance Industries"
Route Mobile,"Mumbai","Technology, Consumer digital services, Cloud computing"
Royal Enfield,"Chennai","Consumer goods, Automobiles, Motorcycles"
RPG Group,"Mumbai","Conglomerate, —, Technology, industrials"
RP-Sanjiv Goenka Group,"Kolkata","Conglomerate, —, Industrials, beverages, sports club"
Sahara India Pariwar,"Lucknow","Conglomerate, —, Financials, construction, media, retail"
Samtel Avionics,"New Delhi","Industrials, Aerospace & defense, Aerospace & defense"
Samtel Group,"New Delhi","Conglomerate, —, Electronics, defense, real estate, construction, education"
Saravana Bhavan,"Chennai","Consumer goods, Food products, Food, sweets, bakery, ice cream"
SAS Motors,"Faridabad","Industrials, Agricultural & farm machinery, Tractors"
Sasken Technologies,"Bengaluru","Industrials, Business support services, Engineering"
Sea6 Energy,"Bengaluru","Energy, Alternative energy, Biofuel"
Serum Institute of India,"Pune","Health care, Pharmaceuticals & biotechcnology, Vaccines"
Shapoorji Pallonji Group,"Mumbai","Conglomerate, —, Real estate, industrials, consumer goods"
Shipping Corporation of India,"Mumbai","Industrials, Marine transportation, State-owned shipping"
Shoppers Stop,"Mumbai","Retail, Diversified retailers, Clothing & home departmental stores"
Shree Cement,"Kolkata","Industrials, Cement, Cement"
Shree Ganesh Jewellery House,"Kolkata","Retail, Specialty retailers, Jeweler"
Shree Renuka Sugars,"Belgaum","Consumer goods, Food products, Sugar"
Shriram Group,"Chennai","Conglomerate, —, Financials, industrials, health care"
Singareni Collieries Company,"Kothagudem","Energy, Coal, Coal mining"
Skipper Limited,"Kolkata","Industrials, Electrical components, Electrical transmission infrastructure"
Skyroot Aerospace,"Hyderabad","Industrials, Aerospace, space industry, Launch vehicles"
Snapdeal,"New Delhi","Technology, Consumer digital services, E-commerce"
Sobha,"Bengaluru","Real estate, Real estate holding & development, Developer"
Sonata Software,"Bengaluru","Technology, Software, BI and analytics"
South Indian Bank,"Thrissur","Financials, Banks, Private bank"
SpiceJet,"Gurugram","Consumer services, Airlines, Low-cost airline"
SSS Defence,"Bengaluru","Industrials, Defense, Firearms"
State Bank of India,"Mumbai","Financials, Banks, State bank"
Steel Authority of India Limited,"New Delhi","Basic materials, Iron & steel, State steel"
Sterlite Copper,"Kolkata","Basic materials, Copper, Mining, part ofVedanta Resources(UK)"
Sterlite Technologies,"Pune","Telecommunications, Telecommunications equipment, Optical fiber & cables, part ofVedanta Resources(UK)"
Suminter India Organics,"Mumbai","Consumer goods, Food products, Organic products"
Sun Group,"Chennai","Consumer services, Broadcasting & entertainment, TV, publisher"
Sun Pharma,"Mumbai","Health care, Pharmaceuticals, Pharma"
Surya Roshni,"Delhi","Industrials, Diversified industrials, Fans, PVC, kitchen appliances, lighting, steel"
Suzlon,"Pune","Utilities, Alternative electricity, Turbines"
Swiggy,"Bengaluru","Technology, Consumer digital services, Food delivery, online grocery"
Synthite,"Kochi","Consumer goods, Food products, Value added spice extracts"
T-Series,"Noida","Consumer services, Broadcasting & entertainment, Record and film producer"
Tamil Nadu Newsprint and Papers Limited,"Chennai","Consumer services, Publishing, State publisher"
Tamilnad Mercantile Bank,"Thoothukudi","Financials, Banks, Bank"
Tanla Platforms,"Hyderabad","Technology, Consumer digital services, Cloud computing"
Tara International,"Mumbai","Consumer goods, Automobiles, Automotive, electric vehicles"
Tata Advanced Systems,"Hyderabad","Industrials, Aerospace & defense, Aerospace, defense, part ofTata Sons"
Tata Business Support Services,"Hyderabad","Industrials, Business support services, Part ofTata Sons"
Tata Chemicals,"Mumbai","Chemicals, Chemicals: diversified, Part ofTata Sons"
Tata Communications,"Mumbai","Telecommunications, Telecommunications service providers, Fixed-line telecommunications, part ofTata Sons"
Tata Consultancy Services,"Mumbai","Industrials, Business support services, Part ofTata Sons"
Tata Consumer Products,"Kolkata","Consumer goods, Food products, Tea, coffee, part ofTata Sons"
Tata Group,"Mumbai","Conglomerate, —, Part ofTata Sons"
Tata Interactive Systems,"MumbaiandKolkata","Industrials, Business support services, Part ofTata Sons"
Tata Motors,"Mumbai","Consumer goods, Automobiles, Automotive, Part ofTata Sons"
Tata Play,"Mumbai","Consumer services, Broadcasting & entertainment, Satellite streaming, part ofTata Sons"
Tata Power,"Mumbai","Utilities, Conventional electricity, Thermal power generation, part ofTata Sons"
Tata Steel,"Mumbai","Basic materials, Iron & steel, Part ofTata Sons"
Tata Steel BSL,"New Delhi","Basic materials, Iron & steel, Steel"
Tata Technologies,"Pune","Industrials, Industrial engineering, Engineering & design, IT services, part ofTata Sons"
Tech Mahindra,"Pune","Industrials, Business support services, Consulting, BPO"
Tega Industries Ltd.,"Kolkata","Industrials, Machinery: construction & handling, Mining equipment & handling machinery"
Terumo Penpol,"Thiruvananthapuram","Health care, Medical equipment, Blood bag manufacturer, medical electronics, subsidiary ofTerumo(Japan)"
Texmaco Rail & Engineering,"Kolkata","Industrials, Railroad equipment, Rail engineering"
The Muthoot Group,"Kochi","Conglomerate, —, Financials, travel & leisure, healthcare, real estate"
Thermax,"Pune","Industrials, Electrical components, Energy engineering"
Thyrocare,"Navi Mumbai","Health care, Health care facilities, Diagnostic, preventive care laboratories"
The Times Group,"Mumbai","Consumer services, Broadcasting & entertainment, Media conglomerate"
Titagarh Rail Systems,"Kolkata","Industrials, Railroad equipment, Rail industry"
Titan Company,"Bengaluru","Consumer goods, Clothing & accessories, Watches, luxury products"
Torque Pharmaceuticals,"Mohali","Health care, Pharmaceuticals, Nutrition supplements"
Torrent Group,"Ahmedabad","Conglomerate, —, Health care, industrials"
Toyota Kirloskar Motor,"Bengaluru","Consumer goods, Automobiles, Automotive, joint venture ofKirloskar Group&Toyota(Japan)"
Tractors and Farm Equipment Limited,"Chennai","Industrials, Agricultural & farm machinery, Tractors"
TradeIndia,"New Delhi","Technology, Consumer digital services, Portal"
Travancore Cochin Chemicals,"Kochi","Chemicals, Chemicals: diversified, Chemicals"
Travancore Titanium Products,"Thiruvananthapuram","Chemicals, Specialty chemicals, Titanium dioxide"
Troop Comforts,"Kanpur","Industrials, Defense, Military clothing & equipment"
TTK Prestige,"Chennai","Consumer goods, Durable household products, Cookware"
TVS Motor Company,"Chennai","Consumer goods, Automobiles, Motorcycles"
UCO Bank,"Kolkata","Financials, Banks, State bank"
UltraTech Cement,"Mumbai","Industrials, Cement, Cement"
Union Bank of India,"Mumbai","Financials, Banks, State bank"
Unitech Group,"New Delhi","Real estate, Real estate holding & development, Real estate development"
United Breweries Group,"Bengaluru","Conglomerate, —, Food & beverage, engineering, financials, part ofHeineken(Netherlands)"
UPL,"Mumbai","Chemicals, Specialty chemicals, Chemicals"
USV,"Navi Mumbai","Health care, Pharmaceuticals, Pharma"
V-Guard Industries,"Kochi","Consumer goods, Consumer electronics, Electrical goods, home appliances"
VA Tech Wabag,"Chennai","Utilities, Water, Water treatment"
Vadilal,"Ahmedabad","Conglomerate, —, Chemicals, food & beverage, financials"
Vedanta Limited,"New Delhi","Conglomerate, —, Mining, oil & gas, utility, steel, part ofVedanta Resources(UK)"
Vicco Group,"Mumbai","Health care, Ayurvedic producers, Alternative medicines"
Videocon Group,"Mumbai","Conglomerate, —, Industrials, consumer goods, oil & gas"
Vijaya Bank,"Bengaluru","Financials, Banks, State bank"
VIP Industries,"Mumbai","Consumer goods, Recreational products, Luggage"
Vodafone Idea,"Mumbai","Telecommunications, Telecommunications services, Mobile network, joint venture ofAditya Birla Group&Vodafone(UK)"
Voltas,"Mumbai","Consumer goods, Consumer electronics, Home appliances"
Voonik,"Bengaluru","Technology, Consumer digital services, Online marketplace"
VST Industries,"Hyderabad","Consumer goods, Tobacco, Tobacco"
Wadia Group,"Mumbai","Conglomerate, —, Chemicals, industrials"
Walchandnagar Industries,"Mumbai","Conglomerate, —, Energy, transportation, nuclear industry"
WAPCOS Limited,"New Delhi","Industrials, Engineering and contracting services, Engineering & consultancy"
Welspun Corp,"Mumbai","Industrials, Diversified industrials, Part ofWelspun World"
Welspun Energy,"New Delhi","Utilities, Alternative electricity, Solar power generation, part ofWelspun World"
Welspun Living,"Mumbai","Basic materials, Textile products, Textiles, part ofWelspun World"
Welspun World,"Mumbai","Conglomerate, —, Steel, energy, investments, retail"
West Bengal Electronics Industry Development Corporation,"Kolkata","Industrials, Electronic & electrical equipment, Capacitors, driven equipment, picture tubes, telephone exchanges"
West Bengal State Co-Operative Bank,"Kolkata","Financials, Banks, State bank"
Wipro,"Bengaluru","Industrials, Business support services, Consulting, BPO"
XOLO,"Noida","Consumer goods, Consumer electronics, Mobile handsets"
Yantra India,"Nagpur","Industrials, Defense, Defence equipment"
Yatra,"Gurugram","Consumer services, Travel & tourism, Travel agency"
Yebhi,"Gurugram","Technology, Consumer digital services, E-commerce"
Yepme,"Gurugram","Technology, Consumer digital services, E-commerce"
Yes Bank,"Mumbai","Financials, Banks, Private bank"
Zandu Realty,"Mumbai","Health care, Ayurvedic producers, Alternative medicines, part ofEmami"
Zee Entertainment Enterprises,"Mumbai","Consumer services, Broadcasting & entertainment, Broadcaster"
Zee News,"Mumbai","Consumer services, Broadcasting & entertainment, News channel"
Zensar Technologies,"Pune","Technology, Software & IT services, IT services and software"
Zeta,"Mumbai","Technology, Consumer digital services, Fintech"
Zoho Corporation,"Chennai","Technology, Software, Business management software"
Zomato,"Gurugram","Technology, Consumer digital services, Food delivery"
Zydus Lifesciences,"Ahmedabad","Health care, Pharmaceuticals, Pharma"